,t_in,t_corridor,t_hall,t_out,t_s,AC_power,Time
2019-01-01 00:05:00+09:00,21.95,16.67,16.91,3.16,13.74,589.0,2019-01-01 00:05:00+09:00
2019-01-01 00:10:00+09:00,21.95,16.66,16.9,3.22,13.72,588.0,2019-01-01 00:10:00+09:00
2019-01-01 00:15:00+09:00,21.96,16.64,16.89,3.27,13.69,587.0,2019-01-01 00:15:00+09:00
2019-01-01 00:20:00+09:00,21.96,16.63,16.88,3.33,13.67,585.0,2019-01-01 00:20:00+09:00
2019-01-01 00:25:00+09:00,21.96,16.62,16.87,3.39,13.65,584.0,2019-01-01 00:25:00+09:00
2019-01-01 00:30:00+09:00,21.96,16.61,16.86,3.45,13.63,582.0,2019-01-01 00:30:00+09:00
2019-01-01 00:35:00+09:00,21.97,16.6,16.85,3.51,13.61,581.0,2019-01-01 00:35:00+09:00
2019-01-01 00:40:00+09:00,21.97,16.59,16.84,3.57,13.59,575.0,2019-01-01 00:40:00+09:00
2019-01-01 00:45:00+09:00,21.97,16.58,16.84,3.62,13.57,573.0,2019-01-01 00:45:00+09:00
2019-01-01 00:50:00+09:00,21.97,16.57,16.83,3.68,13.55,571.0,2019-01-01 00:50:00+09:00
2019-01-01 00:55:00+09:00,21.98,16.56,16.82,3.74,13.54,569.0,2019-01-01 00:55:00+09:00
2019-01-01 01:00:00+09:00,22.01,16.56,16.82,3.8,13.52,562.0,2019-01-01 01:00:00+09:00
2019-01-01 01:05:00+09:00,22.02,16.55,16.81,3.78,13.51,561.0,2019-01-01 01:05:00+09:00
2019-01-01 01:10:00+09:00,22.02,16.54,16.81,3.77,13.49,559.0,2019-01-01 01:10:00+09:00
2019-01-01 01:15:00+09:00,22.02,16.54,16.8,3.75,13.48,558.0,2019-01-01 01:15:00+09:00
2019-01-01 01:20:00+09:00,22.02,16.53,16.8,3.73,13.46,557.0,2019-01-01 01:20:00+09:00
2019-01-01 01:25:00+09:00,22.02,16.52,16.79,3.72,13.45,556.0,2019-01-01 01:25:00+09:00
2019-01-01 01:30:00+09:00,22.01,16.52,16.79,3.7,13.44,556.0,2019-01-01 01:30:00+09:00
2019-01-01 01:35:00+09:00,22.01,16.51,16.78,3.68,13.42,555.0,2019-01-01 01:35:00+09:00
2019-01-01 01:40:00+09:00,22.01,16.51,16.78,3.67,13.41,555.0,2019-01-01 01:40:00+09:00
2019-01-01 01:45:00+09:00,22.0,16.5,16.77,3.65,13.39,555.0,2019-01-01 01:45:00+09:00
2019-01-01 01:50:00+09:00,22.0,16.49,16.76,3.63,13.38,555.0,2019-01-01 01:50:00+09:00
2019-01-01 01:55:00+09:00,22.0,16.49,16.76,3.62,13.36,556.0,2019-01-01 01:55:00+09:00
2019-01-01 02:00:00+09:00,21.99,16.48,16.75,3.6,13.35,556.0,2019-01-01 02:00:00+09:00
2019-01-01 02:05:00+09:00,21.99,16.47,16.74,3.54,13.33,557.0,2019-01-01 02:05:00+09:00
2019-01-01 02:10:00+09:00,21.99,16.46,16.74,3.48,13.32,559.0,2019-01-01 02:10:00+09:00
2019-01-01 02:15:00+09:00,21.98,16.45,16.73,3.42,13.3,561.0,2019-01-01 02:15:00+09:00
2019-01-01 02:20:00+09:00,21.98,16.45,16.72,3.37,13.29,562.0,2019-01-01 02:20:00+09:00
2019-01-01 02:25:00+09:00,21.98,16.44,16.71,3.31,13.27,564.0,2019-01-01 02:25:00+09:00
2019-01-01 02:30:00+09:00,21.97,16.43,16.71,3.25,13.25,566.0,2019-01-01 02:30:00+09:00
2019-01-01 02:35:00+09:00,21.97,16.42,16.7,3.19,13.23,568.0,2019-01-01 02:35:00+09:00
2019-01-01 02:40:00+09:00,21.97,16.41,16.69,3.13,13.22,571.0,2019-01-01 02:40:00+09:00
2019-01-01 02:45:00+09:00,21.97,16.4,16.68,3.07,13.2,573.0,2019-01-01 02:45:00+09:00
2019-01-01 02:50:00+09:00,21.97,16.39,16.67,3.02,13.18,575.0,2019-01-01 02:50:00+09:00
2019-01-01 02:55:00+09:00,21.96,16.38,16.66,2.96,13.16,577.0,2019-01-01 02:55:00+09:00
2019-01-01 03:00:00+09:00,21.96,16.36,16.65,2.9,13.14,580.0,2019-01-01 03:00:00+09:00
2019-01-01 03:05:00+09:00,21.96,16.35,16.63,2.92,13.12,581.0,2019-01-01 03:05:00+09:00
2019-01-01 03:10:00+09:00,21.96,16.34,16.62,2.95,13.1,582.0,2019-01-01 03:10:00+09:00
2019-01-01 03:15:00+09:00,21.96,16.33,16.61,2.97,13.08,583.0,2019-01-01 03:15:00+09:00
2019-01-01 03:20:00+09:00,21.96,16.32,16.6,3.0,13.06,584.0,2019-01-01 03:20:00+09:00
2019-01-01 03:25:00+09:00,21.97,16.31,16.59,3.02,13.04,585.0,2019-01-01 03:25:00+09:00
2019-01-01 03:30:00+09:00,21.97,16.3,16.58,3.05,13.03,586.0,2019-01-01 03:30:00+09:00
2019-01-01 03:35:00+09:00,21.97,16.29,16.57,3.07,13.01,586.0,2019-01-01 03:35:00+09:00
2019-01-01 03:40:00+09:00,21.97,16.28,16.56,3.1,12.99,587.0,2019-01-01 03:40:00+09:00
2019-01-01 03:45:00+09:00,21.98,16.27,16.56,3.12,12.98,587.0,2019-01-01 03:45:00+09:00
2019-01-01 03:50:00+09:00,21.98,16.26,16.55,3.15,12.97,587.0,2019-01-01 03:50:00+09:00
2019-01-01 03:55:00+09:00,21.98,16.25,16.54,3.17,12.95,588.0,2019-01-01 03:55:00+09:00
2019-01-01 04:00:00+09:00,21.98,16.24,16.53,3.2,12.94,588.0,2019-01-01 04:00:00+09:00
2019-01-01 04:05:00+09:00,21.98,16.23,16.52,3.18,12.93,588.0,2019-01-01 04:05:00+09:00
2019-01-01 04:10:00+09:00,21.98,16.23,16.52,3.17,12.91,589.0,2019-01-01 04:10:00+09:00
2019-01-01 04:15:00+09:00,21.98,16.22,16.51,3.15,12.9,590.0,2019-01-01 04:15:00+09:00
2019-01-01 04:20:00+09:00,21.98,16.21,16.5,3.13,12.89,591.0,2019-01-01 04:20:00+09:00
2019-01-01 04:25:00+09:00,21.98,16.2,16.5,3.12,12.87,592.0,2019-01-01 04:25:00+09:00
2019-01-01 04:30:00+09:00,21.98,16.2,16.49,3.1,12.86,593.0,2019-01-01 04:30:00+09:00
2019-01-01 04:35:00+09:00,21.98,16.19,16.48,3.08,12.85,593.0,2019-01-01 04:35:00+09:00
2019-01-01 04:40:00+09:00,21.98,16.18,16.48,3.07,12.84,594.0,2019-01-01 04:40:00+09:00
2019-01-01 04:45:00+09:00,21.98,16.17,16.47,3.05,12.82,595.0,2019-01-01 04:45:00+09:00
2019-01-01 04:50:00+09:00,21.98,16.17,16.46,3.03,12.81,596.0,2019-01-01 04:50:00+09:00
2019-01-01 04:55:00+09:00,21.98,16.16,16.46,3.02,12.8,597.0,2019-01-01 04:55:00+09:00
2019-01-01 05:00:00+09:00,21.98,16.15,16.45,3.0,12.78,598.0,2019-01-01 05:00:00+09:00
2019-01-01 05:05:00+09:00,21.98,16.14,16.44,2.95,12.77,599.0,2019-01-01 05:05:00+09:00
2019-01-01 05:10:00+09:00,21.98,16.14,16.43,2.9,12.76,601.0,2019-01-01 05:10:00+09:00
2019-01-01 05:15:00+09:00,21.98,16.13,16.43,2.85,12.74,602.0,2019-01-01 05:15:00+09:00
2019-01-01 05:20:00+09:00,21.98,16.12,16.42,2.8,12.73,603.0,2019-01-01 05:20:00+09:00
2019-01-01 05:25:00+09:00,21.98,16.11,16.41,2.75,12.71,604.0,2019-01-01 05:25:00+09:00
2019-01-01 05:30:00+09:00,21.97,16.1,16.4,2.7,12.7,606.0,2019-01-01 05:30:00+09:00
2019-01-01 05:35:00+09:00,21.97,16.09,16.39,2.65,12.68,607.0,2019-01-01 05:35:00+09:00
2019-01-01 05:40:00+09:00,21.97,16.09,16.39,2.6,12.67,609.0,2019-01-01 05:40:00+09:00
2019-01-01 05:45:00+09:00,21.97,16.08,16.38,2.55,12.65,610.0,2019-01-01 05:45:00+09:00
2019-01-01 05:50:00+09:00,21.97,16.07,16.37,2.5,12.64,612.0,2019-01-01 05:50:00+09:00
2019-01-01 05:55:00+09:00,21.97,16.06,16.36,2.45,12.62,613.0,2019-01-01 05:55:00+09:00
2019-01-01 06:00:00+09:00,21.97,16.05,16.35,2.4,12.6,615.0,2019-01-01 06:00:00+09:00
2019-01-01 06:05:00+09:00,21.97,16.04,16.34,2.38,12.58,617.0,2019-01-01 06:05:00+09:00
2019-01-01 06:10:00+09:00,21.97,16.03,16.33,2.35,12.57,619.0,2019-01-01 06:10:00+09:00
2019-01-01 06:15:00+09:00,21.97,16.02,16.32,2.33,12.55,620.0,2019-01-01 06:15:00+09:00
2019-01-01 06:20:00+09:00,21.97,16.0,16.31,2.3,12.53,622.0,2019-01-01 06:20:00+09:00
2019-01-01 06:25:00+09:00,21.97,15.99,16.3,2.28,12.52,624.0,2019-01-01 06:25:00+09:00
2019-01-01 06:30:00+09:00,21.97,15.98,16.29,2.25,12.5,625.0,2019-01-01 06:30:00+09:00
2019-01-01 06:35:00+09:00,21.97,15.97,16.28,2.23,12.48,627.0,2019-01-01 06:35:00+09:00
2019-01-01 06:40:00+09:00,21.97,15.96,16.27,2.2,12.46,629.0,2019-01-01 06:40:00+09:00
2019-01-01 06:45:00+09:00,21.97,15.95,16.26,2.18,12.45,631.0,2019-01-01 06:45:00+09:00
2019-01-01 06:50:00+09:00,21.97,15.94,16.25,2.15,12.43,632.0,2019-01-01 06:50:00+09:00
2019-01-01 06:55:00+09:00,21.97,15.93,16.24,2.13,12.41,634.0,2019-01-01 06:55:00+09:00
2019-01-01 07:00:00+09:00,21.97,15.92,16.23,2.1,12.39,636.0,2019-01-01 07:00:00+09:00
2019-01-01 07:05:00+09:00,21.97,15.91,16.22,2.11,12.38,637.0,2019-01-01 07:05:00+09:00
2019-01-01 07:10:00+09:00,21.92,15.89,16.2,2.12,12.33,648.0,2019-01-01 07:10:00+09:00
2019-01-01 07:15:00+09:00,21.93,15.88,16.19,2.12,12.31,652.0,2019-01-01 07:15:00+09:00
2019-01-01 07:20:00+09:00,21.94,15.87,16.18,2.13,12.31,654.0,2019-01-01 07:20:00+09:00
2019-01-01 07:25:00+09:00,21.96,15.86,16.17,2.14,12.32,655.0,2019-01-01 07:25:00+09:00
2019-01-01 07:30:00+09:00,21.98,15.85,16.16,2.15,12.34,654.0,2019-01-01 07:30:00+09:00
2019-01-01 07:35:00+09:00,22.01,15.85,16.15,2.16,12.36,651.0,2019-01-01 07:35:00+09:00
2019-01-01 07:40:00+09:00,22.03,15.84,16.15,2.17,12.39,647.0,2019-01-01 07:40:00+09:00
2019-01-01 07:45:00+09:00,22.06,15.84,16.15,2.17,12.43,642.0,2019-01-01 07:45:00+09:00
2019-01-01 07:50:00+09:00,22.09,15.85,16.15,2.18,12.48,636.0,2019-01-01 07:50:00+09:00
2019-01-01 07:55:00+09:00,22.11,15.85,16.15,2.19,12.53,628.0,2019-01-01 07:55:00+09:00
2019-01-01 08:00:00+09:00,22.13,15.86,16.15,2.2,12.58,620.0,2019-01-01 08:00:00+09:00
2019-01-01 08:05:00+09:00,22.16,15.87,16.16,2.31,12.64,610.0,2019-01-01 08:05:00+09:00
2019-01-01 08:10:00+09:00,22.27,15.88,16.16,2.42,12.72,584.0,2019-01-01 08:10:00+09:00
2019-01-01 08:15:00+09:00,22.32,15.89,16.17,2.53,12.82,562.0,2019-01-01 08:15:00+09:00
2019-01-01 08:20:00+09:00,22.38,15.91,16.18,2.63,12.94,536.0,2019-01-01 08:20:00+09:00
2019-01-01 08:25:00+09:00,22.44,15.93,16.2,2.74,13.07,512.0,2019-01-01 08:25:00+09:00
2019-01-01 08:30:00+09:00,22.49,15.96,16.22,2.85,13.22,486.0,2019-01-01 08:30:00+09:00
2019-01-01 08:35:00+09:00,22.53,15.99,16.24,2.96,13.38,458.0,2019-01-01 08:35:00+09:00
2019-01-01 08:40:00+09:00,22.57,16.02,16.26,3.07,13.56,430.0,2019-01-01 08:40:00+09:00
2019-01-01 08:45:00+09:00,22.61,16.06,16.29,3.18,13.75,400.0,2019-01-01 08:45:00+09:00
2019-01-01 08:50:00+09:00,22.64,16.1,16.32,3.28,13.95,369.0,2019-01-01 08:50:00+09:00
2019-01-01 08:55:00+09:00,22.67,16.14,16.36,3.39,14.17,339.0,2019-01-01 08:55:00+09:00
2019-01-01 09:00:00+09:00,22.7,16.19,16.39,3.5,14.39,310.0,2019-01-01 09:00:00+09:00
2019-01-01 09:05:00+09:00,22.73,16.25,16.43,3.66,14.63,282.0,2019-01-01 09:05:00+09:00
2019-01-01 09:10:00+09:00,22.72,16.3,16.48,3.82,14.87,257.0,2019-01-01 09:10:00+09:00
2019-01-01 09:15:00+09:00,22.71,16.36,16.52,3.97,15.1,234.0,2019-01-01 09:15:00+09:00
2019-01-01 09:20:00+09:00,22.7,16.42,16.57,4.13,15.33,211.0,2019-01-01 09:20:00+09:00
2019-01-01 09:25:00+09:00,22.68,16.48,16.61,4.29,15.56,190.0,2019-01-01 09:25:00+09:00
2019-01-01 09:30:00+09:00,22.66,16.54,16.66,4.45,15.78,172.0,2019-01-01 09:30:00+09:00
2019-01-01 09:35:00+09:00,22.64,16.61,16.71,4.61,16.0,155.0,2019-01-01 09:35:00+09:00
2019-01-01 09:40:00+09:00,22.61,16.67,16.76,4.77,16.21,139.0,2019-01-01 09:40:00+09:00
2019-01-01 09:45:00+09:00,22.59,16.74,16.81,4.92,16.42,126.0,2019-01-01 09:45:00+09:00
2019-01-01 09:50:00+09:00,22.57,16.8,16.86,5.08,16.63,125.0,2019-01-01 09:50:00+09:00
2019-01-01 09:55:00+09:00,22.54,16.87,16.92,5.24,16.84,125.0,2019-01-01 09:55:00+09:00
2019-01-01 10:00:00+09:00,22.52,16.93,16.97,5.4,17.04,124.0,2019-01-01 10:00:00+09:00
2019-01-01 10:05:00+09:00,22.5,16.99,17.02,5.49,17.23,124.0,2019-01-01 10:05:00+09:00
2019-01-01 10:10:00+09:00,22.48,17.06,17.07,5.58,17.43,124.0,2019-01-01 10:10:00+09:00
2019-01-01 10:15:00+09:00,22.45,17.12,17.12,5.68,17.61,123.0,2019-01-01 10:15:00+09:00
2019-01-01 10:20:00+09:00,22.43,17.18,17.17,5.77,17.79,123.0,2019-01-01 10:20:00+09:00
2019-01-01 10:25:00+09:00,22.38,17.24,17.22,5.86,17.97,123.0,2019-01-01 10:25:00+09:00
2019-01-01 10:30:00+09:00,22.36,17.3,17.27,5.95,18.15,122.0,2019-01-01 10:30:00+09:00
2019-01-01 10:35:00+09:00,22.34,17.36,17.32,6.04,18.31,122.0,2019-01-01 10:35:00+09:00
2019-01-01 10:40:00+09:00,22.32,17.42,17.37,6.13,18.48,122.0,2019-01-01 10:40:00+09:00
2019-01-01 10:45:00+09:00,22.3,17.48,17.42,6.23,18.63,10.0,2019-01-01 10:45:00+09:00
2019-01-01 10:50:00+09:00,22.3,17.53,17.47,6.32,18.79,10.0,2019-01-01 10:50:00+09:00
2019-01-01 10:55:00+09:00,22.32,17.59,17.52,6.41,18.94,10.0,2019-01-01 10:55:00+09:00
2019-01-01 11:00:00+09:00,22.35,17.64,17.56,6.5,19.08,10.0,2019-01-01 11:00:00+09:00
2019-01-01 11:05:00+09:00,22.38,17.7,17.61,6.62,19.22,10.0,2019-01-01 11:05:00+09:00
2019-01-01 11:10:00+09:00,22.42,17.75,17.65,6.73,19.36,10.0,2019-01-01 11:10:00+09:00
2019-01-01 11:15:00+09:00,22.46,17.8,17.7,6.85,19.49,10.0,2019-01-01 11:15:00+09:00
2019-01-01 11:20:00+09:00,22.5,17.85,17.74,6.97,19.62,10.0,2019-01-01 11:20:00+09:00
2019-01-01 11:25:00+09:00,22.55,17.9,17.79,7.08,19.74,10.0,2019-01-01 11:25:00+09:00
2019-01-01 11:30:00+09:00,22.59,17.95,17.83,7.2,19.86,10.0,2019-01-01 11:30:00+09:00
2019-01-01 11:35:00+09:00,22.64,18.0,17.87,7.32,19.97,10.0,2019-01-01 11:35:00+09:00
2019-01-01 11:40:00+09:00,22.69,18.05,17.92,7.43,20.09,10.0,2019-01-01 11:40:00+09:00
2019-01-01 11:45:00+09:00,22.74,18.09,17.96,7.55,20.19,10.0,2019-01-01 11:45:00+09:00
2019-01-01 11:50:00+09:00,22.79,18.14,18.0,7.67,20.3,10.0,2019-01-01 11:50:00+09:00
2019-01-01 11:55:00+09:00,22.84,18.18,18.05,7.78,20.4,10.0,2019-01-01 11:55:00+09:00
2019-01-01 12:00:00+09:00,22.89,18.23,18.09,7.9,20.5,10.0,2019-01-01 12:00:00+09:00
2019-01-01 12:05:00+09:00,22.94,18.28,18.14,7.93,20.6,10.0,2019-01-01 12:05:00+09:00
2019-01-01 12:10:00+09:00,22.98,18.32,18.18,7.95,20.7,10.0,2019-01-01 12:10:00+09:00
2019-01-01 12:15:00+09:00,23.03,18.37,18.23,7.98,20.8,10.0,2019-01-01 12:15:00+09:00
2019-01-01 12:20:00+09:00,23.08,18.42,18.27,8.0,20.89,10.0,2019-01-01 12:20:00+09:00
2019-01-01 12:25:00+09:00,23.12,18.46,18.32,8.03,20.99,10.0,2019-01-01 12:25:00+09:00
2019-01-01 12:30:00+09:00,23.17,18.51,18.37,8.05,21.08,10.0,2019-01-01 12:30:00+09:00
2019-01-01 12:35:00+09:00,23.21,18.56,18.42,8.08,21.18,10.0,2019-01-01 12:35:00+09:00
2019-01-01 12:40:00+09:00,23.25,18.6,18.47,8.1,21.27,10.0,2019-01-01 12:40:00+09:00
2019-01-01 12:45:00+09:00,23.29,18.65,18.52,8.13,21.36,10.0,2019-01-01 12:45:00+09:00
2019-01-01 12:50:00+09:00,23.34,18.7,18.57,8.15,21.45,10.0,2019-01-01 12:50:00+09:00
2019-01-01 12:55:00+09:00,23.38,18.75,18.62,8.18,21.54,10.0,2019-01-01 12:55:00+09:00
2019-01-01 13:00:00+09:00,23.43,18.79,18.67,8.2,21.62,10.0,2019-01-01 13:00:00+09:00
2019-01-01 13:05:00+09:00,23.48,18.84,18.72,8.19,21.71,10.0,2019-01-01 13:05:00+09:00
2019-01-01 13:10:00+09:00,23.5,18.89,18.78,8.18,21.79,10.0,2019-01-01 13:10:00+09:00
2019-01-01 13:15:00+09:00,23.54,18.94,18.83,8.18,21.87,10.0,2019-01-01 13:15:00+09:00
2019-01-01 13:20:00+09:00,23.58,18.98,18.88,8.17,21.95,10.0,2019-01-01 13:20:00+09:00
2019-01-01 13:25:00+09:00,23.62,19.03,18.93,8.16,22.03,10.0,2019-01-01 13:25:00+09:00
2019-01-01 13:30:00+09:00,23.66,19.08,18.99,8.15,22.1,10.0,2019-01-01 13:30:00+09:00
2019-01-01 13:35:00+09:00,23.7,19.12,19.04,8.14,22.17,10.0,2019-01-01 13:35:00+09:00
2019-01-01 13:40:00+09:00,23.75,19.17,19.09,8.13,22.24,10.0,2019-01-01 13:40:00+09:00
2019-01-01 13:45:00+09:00,23.79,19.22,19.14,8.13,22.3,10.0,2019-01-01 13:45:00+09:00
2019-01-01 13:50:00+09:00,23.84,19.26,19.19,8.12,22.37,10.0,2019-01-01 13:50:00+09:00
2019-01-01 13:55:00+09:00,23.88,19.31,19.25,8.11,22.43,10.0,2019-01-01 13:55:00+09:00
2019-01-01 14:00:00+09:00,23.93,19.35,19.3,8.1,22.49,10.0,2019-01-01 14:00:00+09:00
2019-01-01 14:05:00+09:00,23.97,19.4,19.35,8.06,22.54,10.0,2019-01-01 14:05:00+09:00
2019-01-01 14:10:00+09:00,23.99,19.45,19.4,8.02,22.59,10.0,2019-01-01 14:10:00+09:00
2019-01-01 14:15:00+09:00,23.99,19.49,19.45,7.98,22.62,10.0,2019-01-01 14:15:00+09:00
2019-01-01 14:20:00+09:00,23.99,19.53,19.5,7.93,22.64,10.0,2019-01-01 14:20:00+09:00
2019-01-01 14:25:00+09:00,23.97,19.57,19.54,7.89,22.65,10.0,2019-01-01 14:25:00+09:00
2019-01-01 14:30:00+09:00,23.94,19.61,19.59,7.85,22.65,10.0,2019-01-01 14:30:00+09:00
2019-01-01 14:35:00+09:00,23.89,19.65,19.63,7.81,22.64,10.0,2019-01-01 14:35:00+09:00
2019-01-01 14:40:00+09:00,23.84,19.69,19.67,7.77,22.62,10.0,2019-01-01 14:40:00+09:00
2019-01-01 14:45:00+09:00,23.77,19.72,19.7,7.72,22.58,10.0,2019-01-01 14:45:00+09:00
2019-01-01 14:50:00+09:00,23.7,19.75,19.73,7.68,22.54,10.0,2019-01-01 14:50:00+09:00
2019-01-01 14:55:00+09:00,23.62,19.77,19.76,7.64,22.49,10.0,2019-01-01 14:55:00+09:00
2019-01-01 15:00:00+09:00,23.53,19.79,19.78,7.6,22.43,10.0,2019-01-01 15:00:00+09:00
2019-01-01 15:05:00+09:00,23.43,19.81,19.8,7.57,22.36,10.0,2019-01-01 15:05:00+09:00
2019-01-01 15:10:00+09:00,23.32,19.83,19.82,7.53,22.28,10.0,2019-01-01 15:10:00+09:00
2019-01-01 15:15:00+09:00,23.2,19.84,19.83,7.5,22.19,10.0,2019-01-01 15:15:00+09:00
2019-01-01 15:20:00+09:00,23.07,19.84,19.83,7.47,22.09,10.0,2019-01-01 15:20:00+09:00
2019-01-01 15:25:00+09:00,22.93,19.84,19.83,7.43,21.97,10.0,2019-01-01 15:25:00+09:00
2019-01-01 15:30:00+09:00,22.77,19.84,19.83,7.4,21.85,10.0,2019-01-01 15:30:00+09:00
2019-01-01 15:35:00+09:00,22.61,19.83,19.82,7.37,21.71,10.0,2019-01-01 15:35:00+09:00
2019-01-01 15:40:00+09:00,22.44,19.81,19.8,7.33,21.57,10.0,2019-01-01 15:40:00+09:00
2019-01-01 15:45:00+09:00,22.26,19.8,19.78,7.3,21.42,125.0,2019-01-01 15:45:00+09:00
2019-01-01 15:50:00+09:00,22.1,19.77,19.75,7.27,21.26,125.0,2019-01-01 15:50:00+09:00
2019-01-01 15:55:00+09:00,21.94,19.74,19.72,7.23,21.09,124.0,2019-01-01 15:55:00+09:00
2019-01-01 16:00:00+09:00,21.8,19.71,19.68,7.2,20.91,124.0,2019-01-01 16:00:00+09:00
2019-01-01 16:05:00+09:00,21.67,19.67,19.64,7.12,20.72,124.0,2019-01-01 16:05:00+09:00
2019-01-01 16:10:00+09:00,21.62,19.62,19.59,7.03,20.53,124.0,2019-01-01 16:10:00+09:00
2019-01-01 16:15:00+09:00,21.56,19.57,19.53,6.95,20.34,124.0,2019-01-01 16:15:00+09:00
2019-01-01 16:20:00+09:00,21.51,19.52,19.48,6.87,20.15,124.0,2019-01-01 16:20:00+09:00
2019-01-01 16:25:00+09:00,21.48,19.46,19.42,6.78,19.96,124.0,2019-01-01 16:25:00+09:00
2019-01-01 16:30:00+09:00,21.46,19.4,19.35,6.7,19.78,140.0,2019-01-01 16:30:00+09:00
2019-01-01 16:35:00+09:00,21.46,19.34,19.29,6.62,19.6,156.0,2019-01-01 16:35:00+09:00
2019-01-01 16:40:00+09:00,21.46,19.28,19.22,6.53,19.42,172.0,2019-01-01 16:40:00+09:00
2019-01-01 16:45:00+09:00,21.47,19.21,19.16,6.45,19.26,186.0,2019-01-01 16:45:00+09:00
2019-01-01 16:50:00+09:00,21.49,19.15,19.09,6.37,19.09,201.0,2019-01-01 16:50:00+09:00
2019-01-01 16:55:00+09:00,21.52,19.08,19.03,6.28,18.94,215.0,2019-01-01 16:55:00+09:00
2019-01-01 17:00:00+09:00,21.55,19.02,18.97,6.2,18.79,228.0,2019-01-01 17:00:00+09:00
2019-01-01 17:05:00+09:00,21.57,18.95,18.91,6.14,18.64,240.0,2019-01-01 17:05:00+09:00
2019-01-01 17:10:00+09:00,21.63,18.89,18.85,6.08,18.5,248.0,2019-01-01 17:10:00+09:00
2019-01-01 17:15:00+09:00,21.67,18.83,18.79,6.02,18.37,256.0,2019-01-01 17:15:00+09:00
2019-01-01 17:20:00+09:00,21.7,18.77,18.73,5.97,18.24,264.0,2019-01-01 17:20:00+09:00
2019-01-01 17:25:00+09:00,21.73,18.71,18.68,5.91,18.11,272.0,2019-01-01 17:25:00+09:00
2019-01-01 17:30:00+09:00,21.75,18.65,18.63,5.85,17.99,279.0,2019-01-01 17:30:00+09:00
2019-01-01 17:35:00+09:00,21.77,18.6,18.58,5.79,17.88,285.0,2019-01-01 17:35:00+09:00
2019-01-01 17:40:00+09:00,21.79,18.55,18.53,5.73,17.77,292.0,2019-01-01 17:40:00+09:00
2019-01-01 17:45:00+09:00,21.81,18.49,18.48,5.67,17.66,298.0,2019-01-01 17:45:00+09:00
2019-01-01 17:50:00+09:00,21.82,18.44,18.44,5.62,17.55,303.0,2019-01-01 17:50:00+09:00
2019-01-01 17:55:00+09:00,21.83,18.4,18.4,5.56,17.45,309.0,2019-01-01 17:55:00+09:00
2019-01-01 18:00:00+09:00,21.84,18.35,18.36,5.5,17.35,315.0,2019-01-01 18:00:00+09:00
2019-01-01 18:05:00+09:00,21.84,18.3,18.32,5.43,17.26,320.0,2019-01-01 18:05:00+09:00
2019-01-01 18:10:00+09:00,21.9,18.27,18.29,5.37,17.21,319.0,2019-01-01 18:10:00+09:00
2019-01-01 18:15:00+09:00,21.91,18.23,18.26,5.3,17.13,322.0,2019-01-01 18:15:00+09:00
2019-01-01 18:20:00+09:00,21.92,18.2,18.23,5.23,17.06,325.0,2019-01-01 18:20:00+09:00
2019-01-01 18:25:00+09:00,21.92,18.16,18.19,5.17,16.99,327.0,2019-01-01 18:25:00+09:00
2019-01-01 18:30:00+09:00,21.93,18.12,18.16,5.1,16.92,330.0,2019-01-01 18:30:00+09:00
2019-01-01 18:35:00+09:00,21.93,18.09,18.14,5.03,16.85,333.0,2019-01-01 18:35:00+09:00
2019-01-01 18:40:00+09:00,21.93,18.06,18.11,4.97,16.79,336.0,2019-01-01 18:40:00+09:00
2019-01-01 18:45:00+09:00,21.93,18.02,18.08,4.9,16.72,340.0,2019-01-01 18:45:00+09:00
2019-01-01 18:50:00+09:00,21.92,17.99,18.05,4.83,16.65,343.0,2019-01-01 18:50:00+09:00
2019-01-01 18:55:00+09:00,21.92,17.96,18.02,4.77,16.59,347.0,2019-01-01 18:55:00+09:00
2019-01-01 19:00:00+09:00,21.92,17.93,18.0,4.7,16.52,350.0,2019-01-01 19:00:00+09:00
2019-01-01 19:05:00+09:00,21.91,17.9,17.97,4.65,16.46,355.0,2019-01-01 19:05:00+09:00
2019-01-01 19:10:00+09:00,21.94,17.87,17.94,4.6,16.39,355.0,2019-01-01 19:10:00+09:00
2019-01-01 19:15:00+09:00,21.94,17.84,17.92,4.55,16.33,361.0,2019-01-01 19:15:00+09:00
2019-01-01 19:20:00+09:00,21.94,17.81,17.89,4.5,16.27,363.0,2019-01-01 19:20:00+09:00
2019-01-01 19:25:00+09:00,21.95,17.78,17.87,4.45,16.21,366.0,2019-01-01 19:25:00+09:00
2019-01-01 19:30:00+09:00,21.95,17.75,17.84,4.4,16.15,369.0,2019-01-01 19:30:00+09:00
2019-01-01 19:35:00+09:00,21.94,17.72,17.82,4.35,16.09,372.0,2019-01-01 19:35:00+09:00
2019-01-01 19:40:00+09:00,21.94,17.69,17.8,4.3,16.03,375.0,2019-01-01 19:40:00+09:00
2019-01-01 19:45:00+09:00,21.94,17.67,17.77,4.25,15.97,378.0,2019-01-01 19:45:00+09:00
2019-01-01 19:50:00+09:00,21.94,17.64,17.75,4.2,15.91,381.0,2019-01-01 19:50:00+09:00
2019-01-01 19:55:00+09:00,21.93,17.61,17.73,4.15,15.86,385.0,2019-01-01 19:55:00+09:00
2019-01-01 20:00:00+09:00,21.93,17.59,17.7,4.1,15.8,389.0,2019-01-01 20:00:00+09:00
2019-01-01 20:05:00+09:00,21.93,17.56,17.68,4.06,15.74,392.0,2019-01-01 20:05:00+09:00
2019-01-01 20:10:00+09:00,21.87,17.53,17.66,4.02,15.69,403.0,2019-01-01 20:10:00+09:00
2019-01-01 20:15:00+09:00,21.86,17.51,17.64,3.97,15.63,410.0,2019-01-01 20:15:00+09:00
2019-01-01 20:20:00+09:00,21.85,17.48,17.61,3.93,15.58,418.0,2019-01-01 20:20:00+09:00
2019-01-01 20:25:00+09:00,21.84,17.46,17.59,3.89,15.53,426.0,2019-01-01 20:25:00+09:00
2019-01-01 20:30:00+09:00,21.84,17.43,17.57,3.85,15.47,433.0,2019-01-01 20:30:00+09:00
2019-01-01 20:35:00+09:00,21.84,17.41,17.54,3.81,15.42,439.0,2019-01-01 20:35:00+09:00
2019-01-01 20:40:00+09:00,21.85,17.38,17.52,3.77,15.37,446.0,2019-01-01 20:40:00+09:00
2019-01-01 20:45:00+09:00,21.85,17.35,17.5,3.73,15.32,451.0,2019-01-01 20:45:00+09:00
2019-01-01 20:50:00+09:00,21.86,17.33,17.48,3.68,15.26,457.0,2019-01-01 20:50:00+09:00
2019-01-01 20:55:00+09:00,21.87,17.3,17.45,3.64,15.21,462.0,2019-01-01 20:55:00+09:00
2019-01-01 21:00:00+09:00,21.87,17.28,17.43,3.6,15.16,467.0,2019-01-01 21:00:00+09:00
2019-01-01 21:05:00+09:00,21.88,17.25,17.41,3.56,15.11,471.0,2019-01-01 21:05:00+09:00
2019-01-01 21:10:00+09:00,21.89,17.23,17.39,3.52,15.06,476.0,2019-01-01 21:10:00+09:00
2019-01-01 21:15:00+09:00,21.9,17.2,17.36,3.48,15.01,480.0,2019-01-01 21:15:00+09:00
2019-01-01 21:20:00+09:00,21.9,17.18,17.34,3.43,14.97,484.0,2019-01-01 21:20:00+09:00
2019-01-01 21:25:00+09:00,21.91,17.16,17.32,3.39,14.92,488.0,2019-01-01 21:25:00+09:00
2019-01-01 21:30:00+09:00,21.91,17.13,17.3,3.35,14.87,492.0,2019-01-01 21:30:00+09:00
2019-01-01 21:35:00+09:00,21.92,17.11,17.28,3.31,14.82,495.0,2019-01-01 21:35:00+09:00
2019-01-01 21:40:00+09:00,21.92,17.09,17.26,3.27,14.78,498.0,2019-01-01 21:40:00+09:00
2019-01-01 21:45:00+09:00,21.93,17.06,17.24,3.23,14.73,502.0,2019-01-01 21:45:00+09:00
2019-01-01 21:50:00+09:00,21.93,17.04,17.22,3.18,14.69,505.0,2019-01-01 21:50:00+09:00
2019-01-01 21:55:00+09:00,21.93,17.02,17.2,3.14,14.64,508.0,2019-01-01 21:55:00+09:00
2019-01-01 22:00:00+09:00,21.93,17.0,17.18,3.1,14.6,511.0,2019-01-01 22:00:00+09:00
2019-01-01 22:05:00+09:00,21.93,16.97,17.16,3.07,14.55,514.0,2019-01-01 22:05:00+09:00
2019-01-01 22:10:00+09:00,21.91,16.95,17.14,3.03,14.51,521.0,2019-01-01 22:10:00+09:00
2019-01-01 22:15:00+09:00,21.9,16.93,17.12,3.0,14.47,526.0,2019-01-01 22:15:00+09:00
2019-01-01 22:20:00+09:00,21.9,16.91,17.1,2.97,14.42,531.0,2019-01-01 22:20:00+09:00
2019-01-01 22:25:00+09:00,21.9,16.89,17.08,2.93,14.38,535.0,2019-01-01 22:25:00+09:00
2019-01-01 22:30:00+09:00,21.9,16.87,17.06,2.9,14.34,540.0,2019-01-01 22:30:00+09:00
2019-01-01 22:35:00+09:00,21.9,16.85,17.05,2.87,14.3,544.0,2019-01-01 22:35:00+09:00
2019-01-01 22:40:00+09:00,21.9,16.83,17.03,2.83,14.25,549.0,2019-01-01 22:40:00+09:00
2019-01-01 22:45:00+09:00,21.91,16.8,17.01,2.8,14.21,553.0,2019-01-01 22:45:00+09:00
2019-01-01 22:50:00+09:00,21.91,16.78,16.99,2.77,14.17,556.0,2019-01-01 22:50:00+09:00
2019-01-01 22:55:00+09:00,21.91,16.76,16.97,2.73,14.13,560.0,2019-01-01 22:55:00+09:00
2019-01-01 23:00:00+09:00,21.92,16.74,16.95,2.7,14.09,564.0,2019-01-01 23:00:00+09:00
2019-01-01 23:05:00+09:00,21.92,16.72,16.93,2.72,14.05,567.0,2019-01-01 23:05:00+09:00
2019-01-01 23:10:00+09:00,21.9,16.7,16.92,2.73,14.01,574.0,2019-01-01 23:10:00+09:00
2019-01-01 23:15:00+09:00,21.9,16.68,16.9,2.75,13.98,579.0,2019-01-01 23:15:00+09:00
2019-01-01 23:20:00+09:00,21.9,16.66,16.88,2.77,13.94,584.0,2019-01-01 23:20:00+09:00
2019-01-01 23:25:00+09:00,21.9,16.65,16.86,2.78,13.9,589.0,2019-01-01 23:25:00+09:00
2019-01-01 23:30:00+09:00,21.9,16.63,16.85,2.8,13.87,593.0,2019-01-01 23:30:00+09:00
2019-01-01 23:35:00+09:00,21.91,16.61,16.83,2.82,13.83,596.0,2019-01-01 23:35:00+09:00
2019-01-01 23:40:00+09:00,21.91,16.59,16.82,2.83,13.8,600.0,2019-01-01 23:40:00+09:00
2019-01-01 23:45:00+09:00,21.92,16.57,16.8,2.85,13.77,603.0,2019-01-01 23:45:00+09:00
2019-01-01 23:50:00+09:00,21.93,16.56,16.79,2.87,13.73,606.0,2019-01-01 23:50:00+09:00
2019-01-01 23:55:00+09:00,21.93,16.54,16.77,2.88,13.7,608.0,2019-01-01 23:55:00+09:00
2019-01-02 00:00:00+09:00,21.94,16.53,16.76,2.9,13.67,610.0,2019-01-02 00:00:00+09:00
2019-01-02 00:05:00+09:00,21.94,16.51,16.74,2.85,13.64,613.0,2019-01-02 00:05:00+09:00
2019-01-02 00:10:00+09:00,22.05,16.5,16.73,2.8,13.61,599.0,2019-01-02 00:10:00+09:00
2019-01-02 00:15:00+09:00,22.08,16.48,16.72,2.75,13.58,592.0,2019-01-02 00:15:00+09:00
2019-01-02 00:20:00+09:00,22.11,16.47,16.71,2.7,13.55,584.0,2019-01-02 00:20:00+09:00
2019-01-02 00:25:00+09:00,22.12,16.45,16.69,2.65,13.53,578.0,2019-01-02 00:25:00+09:00
2019-01-02 00:30:00+09:00,22.12,16.44,16.68,2.6,13.5,572.0,2019-01-02 00:30:00+09:00
2019-01-02 00:35:00+09:00,22.12,16.43,16.67,2.55,13.47,567.0,2019-01-02 00:35:00+09:00
2019-01-02 00:40:00+09:00,22.11,16.42,16.66,2.5,13.44,563.0,2019-01-02 00:40:00+09:00
2019-01-02 00:45:00+09:00,22.1,16.4,16.65,2.45,13.42,560.0,2019-01-02 00:45:00+09:00
2019-01-02 00:50:00+09:00,22.08,16.39,16.64,2.4,13.39,558.0,2019-01-02 00:50:00+09:00
2019-01-02 00:55:00+09:00,22.07,16.38,16.63,2.35,13.36,557.0,2019-01-02 00:55:00+09:00
2019-01-02 01:00:00+09:00,22.05,16.37,16.62,2.3,13.33,557.0,2019-01-02 01:00:00+09:00
2019-01-02 01:05:00+09:00,22.04,16.35,16.61,2.28,13.31,556.0,2019-01-02 01:05:00+09:00
2019-01-02 01:10:00+09:00,22.03,16.34,16.6,2.27,13.28,557.0,2019-01-02 01:10:00+09:00
2019-01-02 01:15:00+09:00,22.02,16.33,16.59,2.25,13.25,557.0,2019-01-02 01:15:00+09:00
2019-01-02 01:20:00+09:00,22.0,16.32,16.58,2.23,13.22,558.0,2019-01-02 01:20:00+09:00
2019-01-02 01:25:00+09:00,22.0,16.3,16.57,2.22,13.2,559.0,2019-01-02 01:25:00+09:00
2019-01-02 01:30:00+09:00,21.99,16.29,16.56,2.2,13.17,561.0,2019-01-02 01:30:00+09:00
2019-01-02 01:35:00+09:00,21.98,16.28,16.55,2.18,13.14,562.0,2019-01-02 01:35:00+09:00
2019-01-02 01:40:00+09:00,21.98,16.27,16.54,2.17,13.12,564.0,2019-01-02 01:40:00+09:00
2019-01-02 01:45:00+09:00,21.97,16.25,16.52,2.15,13.09,566.0,2019-01-02 01:45:00+09:00
2019-01-02 01:50:00+09:00,21.97,16.24,16.51,2.13,13.07,568.0,2019-01-02 01:50:00+09:00
2019-01-02 01:55:00+09:00,21.97,16.23,16.5,2.12,13.04,570.0,2019-01-02 01:55:00+09:00
2019-01-02 02:00:00+09:00,21.96,16.21,16.49,2.1,13.01,572.0,2019-01-02 02:00:00+09:00
2019-01-02 02:05:00+09:00,21.96,16.2,16.48,2.06,12.99,574.0,2019-01-02 02:05:00+09:00
2019-01-02 02:10:00+09:00,21.96,16.19,16.47,2.02,12.96,577.0,2019-01-02 02:10:00+09:00
2019-01-02 02:15:00+09:00,21.96,16.17,16.45,1.98,12.94,579.0,2019-01-02 02:15:00+09:00
2019-01-02 02:20:00+09:00,21.96,16.16,16.44,1.93,12.91,582.0,2019-01-02 02:20:00+09:00
2019-01-02 02:25:00+09:00,21.96,16.15,16.43,1.89,12.88,584.0,2019-01-02 02:25:00+09:00
2019-01-02 02:30:00+09:00,21.96,16.13,16.42,1.85,12.86,586.0,2019-01-02 02:30:00+09:00
2019-01-02 02:35:00+09:00,21.96,16.12,16.41,1.81,12.83,589.0,2019-01-02 02:35:00+09:00
2019-01-02 02:40:00+09:00,21.96,16.11,16.39,1.77,12.81,591.0,2019-01-02 02:40:00+09:00
2019-01-02 02:45:00+09:00,21.96,16.09,16.38,1.72,12.78,593.0,2019-01-02 02:45:00+09:00
2019-01-02 02:50:00+09:00,21.96,16.08,16.37,1.68,12.75,596.0,2019-01-02 02:50:00+09:00
2019-01-02 02:55:00+09:00,21.96,16.07,16.36,1.64,12.73,598.0,2019-01-02 02:55:00+09:00
2019-01-02 03:00:00+09:00,21.96,16.05,16.34,1.6,12.7,601.0,2019-01-02 03:00:00+09:00
2019-01-02 03:05:00+09:00,21.96,16.04,16.33,1.52,12.68,603.0,2019-01-02 03:05:00+09:00
2019-01-02 03:10:00+09:00,21.96,16.02,16.32,1.43,12.65,606.0,2019-01-02 03:10:00+09:00
2019-01-02 03:15:00+09:00,21.96,16.01,16.31,1.35,12.62,608.0,2019-01-02 03:15:00+09:00
2019-01-02 03:20:00+09:00,21.96,16.0,16.29,1.27,12.59,611.0,2019-01-02 03:20:00+09:00
2019-01-02 03:25:00+09:00,21.95,15.98,16.28,1.18,12.57,614.0,2019-01-02 03:25:00+09:00
2019-01-02 03:30:00+09:00,21.95,15.97,16.26,1.1,12.54,617.0,2019-01-02 03:30:00+09:00
2019-01-02 03:35:00+09:00,21.95,15.95,16.25,1.02,12.51,620.0,2019-01-02 03:35:00+09:00
2019-01-02 03:40:00+09:00,21.95,15.93,16.24,0.93,12.48,623.0,2019-01-02 03:40:00+09:00
2019-01-02 03:45:00+09:00,21.95,15.92,16.22,0.85,12.45,627.0,2019-01-02 03:45:00+09:00
2019-01-02 03:50:00+09:00,21.95,15.9,16.21,0.77,12.42,630.0,2019-01-02 03:50:00+09:00
2019-01-02 03:55:00+09:00,21.95,15.89,16.19,0.68,12.39,633.0,2019-01-02 03:55:00+09:00
2019-01-02 04:00:00+09:00,21.95,15.87,16.18,0.6,12.36,636.0,2019-01-02 04:00:00+09:00
2019-01-02 04:05:00+09:00,21.94,15.85,16.16,0.57,12.33,640.0,2019-01-02 04:05:00+09:00
2019-01-02 04:10:00+09:00,21.95,15.84,16.15,0.53,12.3,642.0,2019-01-02 04:10:00+09:00
2019-01-02 04:15:00+09:00,21.95,15.82,16.13,0.5,12.27,645.0,2019-01-02 04:15:00+09:00
2019-01-02 04:20:00+09:00,21.95,15.8,16.11,0.47,12.24,648.0,2019-01-02 04:20:00+09:00
2019-01-02 04:25:00+09:00,21.95,15.79,16.1,0.43,12.21,651.0,2019-01-02 04:25:00+09:00
2019-01-02 04:30:00+09:00,21.95,15.77,16.08,0.4,12.18,654.0,2019-01-02 04:30:00+09:00
2019-01-02 04:35:00+09:00,21.95,15.75,16.07,0.37,12.16,656.0,2019-01-02 04:35:00+09:00
2019-01-02 04:40:00+09:00,21.95,15.74,16.05,0.33,12.13,659.0,2019-01-02 04:40:00+09:00
2019-01-02 04:45:00+09:00,21.95,15.72,16.04,0.3,12.1,662.0,2019-01-02 04:45:00+09:00
2019-01-02 04:50:00+09:00,21.95,15.71,16.02,0.27,12.07,664.0,2019-01-02 04:50:00+09:00
2019-01-02 04:55:00+09:00,21.95,15.69,16.01,0.23,12.04,667.0,2019-01-02 04:55:00+09:00
2019-01-02 05:00:00+09:00,21.96,15.67,16.0,0.2,12.02,669.0,2019-01-02 05:00:00+09:00
2019-01-02 05:05:00+09:00,21.96,15.66,15.98,0.16,11.99,671.0,2019-01-02 05:05:00+09:00
2019-01-02 05:10:00+09:00,21.96,15.64,15.97,0.12,11.96,674.0,2019-01-02 05:10:00+09:00
2019-01-02 05:15:00+09:00,21.96,15.63,15.95,0.08,11.94,676.0,2019-01-02 05:15:00+09:00
2019-01-02 05:20:00+09:00,21.96,15.61,15.94,0.03,11.91,678.0,2019-01-02 05:20:00+09:00
2019-01-02 05:25:00+09:00,21.96,15.6,15.93,-0.01,11.88,680.0,2019-01-02 05:25:00+09:00
2019-01-02 05:30:00+09:00,21.96,15.58,15.91,-0.05,11.86,683.0,2019-01-02 05:30:00+09:00
2019-01-02 05:35:00+09:00,21.96,15.57,15.9,-0.09,11.83,685.0,2019-01-02 05:35:00+09:00
2019-01-02 05:40:00+09:00,21.96,15.55,15.89,-0.13,11.8,687.0,2019-01-02 05:40:00+09:00
2019-01-02 05:45:00+09:00,21.96,15.54,15.87,-0.17,11.78,689.0,2019-01-02 05:45:00+09:00
2019-01-02 05:50:00+09:00,21.96,15.53,15.86,-0.22,11.75,692.0,2019-01-02 05:50:00+09:00
2019-01-02 05:55:00+09:00,21.96,15.51,15.85,-0.26,11.72,694.0,2019-01-02 05:55:00+09:00
2019-01-02 06:00:00+09:00,21.96,15.5,15.83,-0.3,11.7,697.0,2019-01-02 06:00:00+09:00
2019-01-02 06:05:00+09:00,21.96,15.48,15.82,-0.32,11.67,699.0,2019-01-02 06:05:00+09:00
2019-01-02 06:10:00+09:00,21.96,15.47,15.81,-0.33,11.65,701.0,2019-01-02 06:10:00+09:00
2019-01-02 06:15:00+09:00,21.96,15.45,15.79,-0.35,11.62,703.0,2019-01-02 06:15:00+09:00
2019-01-02 06:20:00+09:00,21.96,15.44,15.78,-0.37,11.6,705.0,2019-01-02 06:20:00+09:00
2019-01-02 06:25:00+09:00,21.96,15.43,15.77,-0.38,11.57,707.0,2019-01-02 06:25:00+09:00
2019-01-02 06:30:00+09:00,21.96,15.41,15.76,-0.4,11.55,709.0,2019-01-02 06:30:00+09:00
2019-01-02 06:35:00+09:00,21.96,15.4,15.74,-0.42,11.52,711.0,2019-01-02 06:35:00+09:00
2019-01-02 06:40:00+09:00,21.96,15.39,15.73,-0.43,11.5,712.0,2019-01-02 06:40:00+09:00
2019-01-02 06:45:00+09:00,21.96,15.37,15.72,-0.45,11.48,714.0,2019-01-02 06:45:00+09:00
2019-01-02 06:50:00+09:00,21.96,15.36,15.71,-0.47,11.46,716.0,2019-01-02 06:50:00+09:00
2019-01-02 06:55:00+09:00,21.97,15.35,15.7,-0.48,11.43,718.0,2019-01-02 06:55:00+09:00
2019-01-02 07:00:00+09:00,21.97,15.33,15.68,-0.5,11.41,719.0,2019-01-02 07:00:00+09:00
2019-01-02 07:05:00+09:00,21.97,15.32,15.68,-0.38,11.4,719.0,2019-01-02 07:05:00+09:00
2019-01-02 07:10:00+09:00,21.89,15.3,15.65,-0.25,11.34,734.0,2019-01-02 07:10:00+09:00
2019-01-02 07:15:00+09:00,21.9,15.29,15.64,-0.12,11.33,738.0,2019-01-02 07:15:00+09:00
2019-01-02 07:20:00+09:00,21.92,15.28,15.63,0.0,11.34,740.0,2019-01-02 07:20:00+09:00
2019-01-02 07:25:00+09:00,21.94,15.27,15.62,0.12,11.36,740.0,2019-01-02 07:25:00+09:00
2019-01-02 07:30:00+09:00,21.97,15.27,15.62,0.25,11.38,737.0,2019-01-02 07:30:00+09:00
2019-01-02 07:35:00+09:00,22.01,15.27,15.61,0.38,11.43,731.0,2019-01-02 07:35:00+09:00
2019-01-02 07:40:00+09:00,22.05,15.27,15.61,0.5,11.48,724.0,2019-01-02 07:40:00+09:00
2019-01-02 07:45:00+09:00,22.08,15.27,15.61,0.62,11.53,714.0,2019-01-02 07:45:00+09:00
2019-01-02 07:50:00+09:00,22.12,15.28,15.62,0.75,11.6,703.0,2019-01-02 07:50:00+09:00
2019-01-02 07:55:00+09:00,22.15,15.29,15.63,0.88,11.67,690.0,2019-01-02 07:55:00+09:00
2019-01-02 08:00:00+09:00,22.19,15.31,15.63,1.0,11.75,677.0,2019-01-02 08:00:00+09:00
2019-01-02 08:05:00+09:00,22.22,15.32,15.65,1.18,11.83,662.0,2019-01-02 08:05:00+09:00
2019-01-02 08:10:00+09:00,22.25,15.34,15.66,1.35,11.93,644.0,2019-01-02 08:10:00+09:00
2019-01-02 08:15:00+09:00,22.29,15.37,15.68,1.53,12.05,624.0,2019-01-02 08:15:00+09:00
2019-01-02 08:20:00+09:00,22.34,15.39,15.7,1.7,12.18,601.0,2019-01-02 08:20:00+09:00
2019-01-02 08:25:00+09:00,22.38,15.42,15.72,1.88,12.33,576.0,2019-01-02 08:25:00+09:00
2019-01-02 08:30:00+09:00,22.42,15.46,15.75,2.05,12.49,552.0,2019-01-02 08:30:00+09:00
2019-01-02 08:35:00+09:00,22.47,15.5,15.78,2.23,12.67,526.0,2019-01-02 08:35:00+09:00
2019-01-02 08:40:00+09:00,22.51,15.54,15.81,2.4,12.86,498.0,2019-01-02 08:40:00+09:00
2019-01-02 08:45:00+09:00,22.55,15.59,15.85,2.57,13.06,469.0,2019-01-02 08:45:00+09:00
2019-01-02 08:50:00+09:00,22.59,15.64,15.89,2.75,13.27,438.0,2019-01-02 08:50:00+09:00
2019-01-02 08:55:00+09:00,22.63,15.69,15.93,2.92,13.5,406.0,2019-01-02 08:55:00+09:00
2019-01-02 09:00:00+09:00,22.66,15.75,15.97,3.1,13.73,373.0,2019-01-02 09:00:00+09:00
2019-01-02 09:05:00+09:00,22.69,15.81,16.02,3.3,13.98,343.0,2019-01-02 09:05:00+09:00
2019-01-02 09:10:00+09:00,22.68,15.87,16.07,3.5,14.22,317.0,2019-01-02 09:10:00+09:00
2019-01-02 09:15:00+09:00,22.69,15.94,16.12,3.7,14.47,290.0,2019-01-02 09:15:00+09:00
2019-01-02 09:20:00+09:00,22.68,16.01,16.18,3.9,14.7,266.0,2019-01-02 09:20:00+09:00
2019-01-02 09:25:00+09:00,22.67,16.08,16.23,4.1,14.94,243.0,2019-01-02 09:25:00+09:00
2019-01-02 09:30:00+09:00,22.66,16.15,16.29,4.3,15.17,220.0,2019-01-02 09:30:00+09:00
2019-01-02 09:35:00+09:00,22.64,16.22,16.34,4.5,15.4,200.0,2019-01-02 09:35:00+09:00
2019-01-02 09:40:00+09:00,22.62,16.29,16.4,4.7,15.62,182.0,2019-01-02 09:40:00+09:00
2019-01-02 09:45:00+09:00,22.6,16.36,16.46,4.9,15.84,164.0,2019-01-02 09:45:00+09:00
2019-01-02 09:50:00+09:00,22.58,16.43,16.52,5.1,16.06,147.0,2019-01-02 09:50:00+09:00
2019-01-02 09:55:00+09:00,22.56,16.51,16.58,5.3,16.28,137.0,2019-01-02 09:55:00+09:00
2019-01-02 10:00:00+09:00,22.54,16.58,16.64,5.5,16.49,137.0,2019-01-02 10:00:00+09:00
2019-01-02 10:05:00+09:00,22.52,16.65,16.7,5.6,16.7,137.0,2019-01-02 10:05:00+09:00
2019-01-02 10:10:00+09:00,22.5,16.72,16.76,5.7,16.9,136.0,2019-01-02 10:10:00+09:00
2019-01-02 10:15:00+09:00,22.48,16.79,16.82,5.8,17.09,136.0,2019-01-02 10:15:00+09:00
2019-01-02 10:20:00+09:00,22.46,16.86,16.87,5.9,17.28,136.0,2019-01-02 10:20:00+09:00
2019-01-02 10:25:00+09:00,22.43,16.93,16.93,6.0,17.47,136.0,2019-01-02 10:25:00+09:00
2019-01-02 10:30:00+09:00,22.41,17.0,16.99,6.1,17.64,135.0,2019-01-02 10:30:00+09:00
2019-01-02 10:35:00+09:00,22.39,17.06,17.04,6.2,17.82,135.0,2019-01-02 10:35:00+09:00
2019-01-02 10:40:00+09:00,22.37,17.13,17.1,6.3,17.99,135.0,2019-01-02 10:40:00+09:00
2019-01-02 10:45:00+09:00,22.35,17.19,17.15,6.4,18.15,135.0,2019-01-02 10:45:00+09:00
2019-01-02 10:50:00+09:00,22.33,17.25,17.2,6.5,18.31,134.0,2019-01-02 10:50:00+09:00
2019-01-02 10:55:00+09:00,22.32,17.31,17.25,6.6,18.46,10.0,2019-01-02 10:55:00+09:00
2019-01-02 11:00:00+09:00,22.33,17.37,17.3,6.7,18.61,10.0,2019-01-02 11:00:00+09:00
2019-01-02 11:05:00+09:00,22.35,17.42,17.35,6.81,18.76,10.0,2019-01-02 11:05:00+09:00
2019-01-02 11:10:00+09:00,22.38,17.48,17.4,6.92,18.9,10.0,2019-01-02 11:10:00+09:00
2019-01-02 11:15:00+09:00,22.41,17.53,17.45,7.03,19.04,10.0,2019-01-02 11:15:00+09:00
2019-01-02 11:20:00+09:00,22.45,17.59,17.5,7.13,19.17,10.0,2019-01-02 11:20:00+09:00
2019-01-02 11:25:00+09:00,22.49,17.64,17.54,7.24,19.3,10.0,2019-01-02 11:25:00+09:00
2019-01-02 11:30:00+09:00,22.54,17.69,17.59,7.35,19.43,10.0,2019-01-02 11:30:00+09:00
2019-01-02 11:35:00+09:00,22.59,17.74,17.64,7.46,19.55,10.0,2019-01-02 11:35:00+09:00
2019-01-02 11:40:00+09:00,22.64,17.79,17.68,7.57,19.67,10.0,2019-01-02 11:40:00+09:00
2019-01-02 11:45:00+09:00,22.69,17.84,17.73,7.68,19.79,10.0,2019-01-02 11:45:00+09:00
2019-01-02 11:50:00+09:00,22.75,17.89,17.77,7.78,19.91,10.0,2019-01-02 11:50:00+09:00
2019-01-02 11:55:00+09:00,22.8,17.94,17.82,7.89,20.02,10.0,2019-01-02 11:55:00+09:00
2019-01-02 12:00:00+09:00,22.85,17.99,17.87,8.0,20.13,10.0,2019-01-02 12:00:00+09:00
2019-01-02 12:05:00+09:00,22.91,18.04,17.91,8.06,20.24,10.0,2019-01-02 12:05:00+09:00
2019-01-02 12:10:00+09:00,22.92,18.09,17.96,8.12,20.35,10.0,2019-01-02 12:10:00+09:00
2019-01-02 12:15:00+09:00,22.94,18.14,18.01,8.18,20.46,10.0,2019-01-02 12:15:00+09:00
2019-01-02 12:20:00+09:00,22.97,18.19,18.06,8.23,20.57,10.0,2019-01-02 12:20:00+09:00
2019-01-02 12:25:00+09:00,23.0,18.24,18.11,8.29,20.67,10.0,2019-01-02 12:25:00+09:00
2019-01-02 12:30:00+09:00,23.03,18.29,18.17,8.35,20.78,10.0,2019-01-02 12:30:00+09:00
2019-01-02 12:35:00+09:00,23.07,18.34,18.22,8.41,20.88,10.0,2019-01-02 12:35:00+09:00
2019-01-02 12:40:00+09:00,23.1,18.4,18.27,8.47,20.99,10.0,2019-01-02 12:40:00+09:00
2019-01-02 12:45:00+09:00,23.13,18.45,18.32,8.53,21.09,10.0,2019-01-02 12:45:00+09:00
2019-01-02 12:50:00+09:00,23.17,18.5,18.38,8.58,21.19,10.0,2019-01-02 12:50:00+09:00
2019-01-02 12:55:00+09:00,23.21,18.55,18.43,8.64,21.28,10.0,2019-01-02 12:55:00+09:00
2019-01-02 13:00:00+09:00,23.25,18.6,18.49,8.7,21.38,10.0,2019-01-02 13:00:00+09:00
2019-01-02 13:05:00+09:00,23.3,18.65,18.54,8.72,21.48,10.0,2019-01-02 13:05:00+09:00
2019-01-02 13:10:00+09:00,23.34,18.7,18.6,8.73,21.57,10.0,2019-01-02 13:10:00+09:00
2019-01-02 13:15:00+09:00,23.39,18.75,18.65,8.75,21.66,10.0,2019-01-02 13:15:00+09:00
2019-01-02 13:20:00+09:00,23.44,18.8,18.71,8.77,21.75,10.0,2019-01-02 13:20:00+09:00
2019-01-02 13:25:00+09:00,23.49,18.85,18.77,8.78,21.83,10.0,2019-01-02 13:25:00+09:00
2019-01-02 13:30:00+09:00,23.54,18.9,18.82,8.8,21.92,10.0,2019-01-02 13:30:00+09:00
2019-01-02 13:35:00+09:00,23.6,18.95,18.88,8.82,22.0,10.0,2019-01-02 13:35:00+09:00
2019-01-02 13:40:00+09:00,23.65,19.0,18.93,8.83,22.08,10.0,2019-01-02 13:40:00+09:00
2019-01-02 13:45:00+09:00,23.7,19.05,18.99,8.85,22.15,10.0,2019-01-02 13:45:00+09:00
2019-01-02 13:50:00+09:00,23.75,19.1,19.04,8.87,22.22,10.0,2019-01-02 13:50:00+09:00
2019-01-02 13:55:00+09:00,23.8,19.15,19.1,8.88,22.29,10.0,2019-01-02 13:55:00+09:00
2019-01-02 14:00:00+09:00,23.85,19.21,19.15,8.9,22.36,10.0,2019-01-02 14:00:00+09:00
2019-01-02 14:05:00+09:00,23.9,19.26,19.21,8.92,22.42,10.0,2019-01-02 14:05:00+09:00
2019-01-02 14:10:00+09:00,23.98,19.3,19.27,8.93,22.47,10.0,2019-01-02 14:10:00+09:00
2019-01-02 14:15:00+09:00,24.04,19.35,19.32,8.95,22.51,10.0,2019-01-02 14:15:00+09:00
2019-01-02 14:20:00+09:00,24.07,19.4,19.37,8.97,22.55,10.0,2019-01-02 14:20:00+09:00
2019-01-02 14:25:00+09:00,24.1,19.45,19.43,8.98,22.58,10.0,2019-01-02 14:25:00+09:00
2019-01-02 14:30:00+09:00,24.11,19.5,19.48,9.0,22.6,10.0,2019-01-02 14:30:00+09:00
2019-01-02 14:35:00+09:00,24.11,19.55,19.53,9.02,22.61,10.0,2019-01-02 14:35:00+09:00
2019-01-02 14:40:00+09:00,24.09,19.59,19.58,9.03,22.61,10.0,2019-01-02 14:40:00+09:00
2019-01-02 14:45:00+09:00,24.07,19.64,19.63,9.05,22.6,10.0,2019-01-02 14:45:00+09:00
2019-01-02 14:50:00+09:00,24.03,19.68,19.67,9.07,22.59,10.0,2019-01-02 14:50:00+09:00
2019-01-02 14:55:00+09:00,23.99,19.72,19.71,9.08,22.56,10.0,2019-01-02 14:55:00+09:00
2019-01-02 15:00:00+09:00,23.93,19.75,19.75,9.1,22.53,10.0,2019-01-02 15:00:00+09:00
2019-01-02 15:05:00+09:00,23.87,19.79,19.79,9.07,22.5,10.0,2019-01-02 15:05:00+09:00
2019-01-02 15:10:00+09:00,23.82,19.82,19.82,9.03,22.45,10.0,2019-01-02 15:10:00+09:00
2019-01-02 15:15:00+09:00,23.74,19.85,19.85,9.0,22.39,10.0,2019-01-02 15:15:00+09:00
2019-01-02 15:20:00+09:00,23.65,19.87,19.88,8.97,22.31,10.0,2019-01-02 15:20:00+09:00
2019-01-02 15:25:00+09:00,23.54,19.89,19.9,8.93,22.23,10.0,2019-01-02 15:25:00+09:00
2019-01-02 15:30:00+09:00,23.43,19.9,19.91,8.9,22.13,10.0,2019-01-02 15:30:00+09:00
2019-01-02 15:35:00+09:00,23.29,19.91,19.92,8.87,22.02,10.0,2019-01-02 15:35:00+09:00
2019-01-02 15:40:00+09:00,23.15,19.92,19.92,8.83,21.9,10.0,2019-01-02 15:40:00+09:00
2019-01-02 15:45:00+09:00,22.99,19.92,19.92,8.8,21.76,10.0,2019-01-02 15:45:00+09:00
2019-01-02 15:50:00+09:00,22.83,19.91,19.91,8.77,21.62,10.0,2019-01-02 15:50:00+09:00
2019-01-02 15:55:00+09:00,22.66,19.9,19.89,8.73,21.47,10.0,2019-01-02 15:55:00+09:00
2019-01-02 16:00:00+09:00,22.47,19.88,19.87,8.7,21.31,10.0,2019-01-02 16:00:00+09:00
2019-01-02 16:05:00+09:00,22.28,19.86,19.85,8.66,21.14,120.0,2019-01-02 16:05:00+09:00
2019-01-02 16:10:00+09:00,22.11,19.83,19.81,8.62,20.96,120.0,2019-01-02 16:10:00+09:00
2019-01-02 16:15:00+09:00,21.99,19.8,19.78,8.58,20.79,119.0,2019-01-02 16:15:00+09:00
2019-01-02 16:20:00+09:00,21.86,19.76,19.73,8.53,20.61,118.0,2019-01-02 16:20:00+09:00
2019-01-02 16:25:00+09:00,21.76,19.72,19.68,8.49,20.43,117.0,2019-01-02 16:25:00+09:00
2019-01-02 16:30:00+09:00,21.67,19.67,19.63,8.45,20.25,117.0,2019-01-02 16:30:00+09:00
2019-01-02 16:35:00+09:00,21.6,19.62,19.58,8.41,20.07,116.0,2019-01-02 16:35:00+09:00
2019-01-02 16:40:00+09:00,21.56,19.56,19.52,8.37,19.9,116.0,2019-01-02 16:40:00+09:00
2019-01-02 16:45:00+09:00,21.53,19.51,19.46,8.33,19.73,115.0,2019-01-02 16:45:00+09:00
2019-01-02 16:50:00+09:00,21.52,19.45,19.4,8.28,19.57,117.0,2019-01-02 16:50:00+09:00
2019-01-02 16:55:00+09:00,21.52,19.39,19.34,8.24,19.42,129.0,2019-01-02 16:55:00+09:00
2019-01-02 17:00:00+09:00,21.53,19.33,19.28,8.2,19.27,140.0,2019-01-02 17:00:00+09:00
2019-01-02 17:05:00+09:00,21.55,19.27,19.22,8.07,19.13,151.0,2019-01-02 17:05:00+09:00
2019-01-02 17:10:00+09:00,21.59,19.21,19.17,7.93,18.99,159.0,2019-01-02 17:10:00+09:00
2019-01-02 17:15:00+09:00,21.62,19.15,19.11,7.8,18.86,167.0,2019-01-02 17:15:00+09:00
2019-01-02 17:20:00+09:00,21.65,19.09,19.05,7.67,18.73,175.0,2019-01-02 17:20:00+09:00
2019-01-02 17:25:00+09:00,21.67,19.04,19.0,7.53,18.6,184.0,2019-01-02 17:25:00+09:00
2019-01-02 17:30:00+09:00,21.7,18.98,18.95,7.4,18.48,191.0,2019-01-02 17:30:00+09:00
2019-01-02 17:35:00+09:00,21.72,18.92,18.89,7.27,18.36,199.0,2019-01-02 17:35:00+09:00
2019-01-02 17:40:00+09:00,21.74,18.87,18.84,7.13,18.25,206.0,2019-01-02 17:40:00+09:00
2019-01-02 17:45:00+09:00,21.76,18.81,18.79,7.0,18.13,212.0,2019-01-02 17:45:00+09:00
2019-01-02 17:50:00+09:00,21.77,18.76,18.75,6.87,18.03,219.0,2019-01-02 17:50:00+09:00
2019-01-02 17:55:00+09:00,21.78,18.71,18.7,6.73,17.92,225.0,2019-01-02 17:55:00+09:00
2019-01-02 18:00:00+09:00,21.79,18.66,18.66,6.6,17.81,231.0,2019-01-02 18:00:00+09:00
2019-01-02 18:05:00+09:00,21.8,18.61,18.61,6.59,17.71,237.0,2019-01-02 18:05:00+09:00
2019-01-02 18:10:00+09:00,21.86,18.57,18.58,6.58,17.66,237.0,2019-01-02 18:10:00+09:00
2019-01-02 18:15:00+09:00,21.87,18.53,18.54,6.58,17.58,241.0,2019-01-02 18:15:00+09:00
2019-01-02 18:20:00+09:00,21.89,18.49,18.51,6.57,17.51,244.0,2019-01-02 18:20:00+09:00
2019-01-02 18:25:00+09:00,21.9,18.45,18.47,6.56,17.43,246.0,2019-01-02 18:25:00+09:00
2019-01-02 18:30:00+09:00,21.91,18.41,18.44,6.55,17.36,249.0,2019-01-02 18:30:00+09:00
2019-01-02 18:35:00+09:00,21.91,18.38,18.41,6.54,17.29,252.0,2019-01-02 18:35:00+09:00
2019-01-02 18:40:00+09:00,21.92,18.34,18.38,6.53,17.23,255.0,2019-01-02 18:40:00+09:00
2019-01-02 18:45:00+09:00,21.92,18.31,18.35,6.53,17.16,258.0,2019-01-02 18:45:00+09:00
2019-01-02 18:50:00+09:00,21.92,18.28,18.32,6.52,17.1,261.0,2019-01-02 18:50:00+09:00
2019-01-02 18:55:00+09:00,21.92,18.25,18.3,6.51,17.03,264.0,2019-01-02 18:55:00+09:00
2019-01-02 19:00:00+09:00,21.92,18.22,18.27,6.5,16.97,268.0,2019-01-02 19:00:00+09:00
2019-01-02 19:05:00+09:00,21.92,18.19,18.25,6.62,16.91,269.0,2019-01-02 19:05:00+09:00
2019-01-02 19:10:00+09:00,21.92,18.16,18.22,6.75,16.86,270.0,2019-01-02 19:10:00+09:00
2019-01-02 19:15:00+09:00,21.93,18.14,18.2,6.88,16.8,271.0,2019-01-02 19:15:00+09:00
2019-01-02 19:20:00+09:00,21.93,18.11,18.18,7.0,16.75,272.0,2019-01-02 19:20:00+09:00
2019-01-02 19:25:00+09:00,21.93,18.09,18.16,7.12,16.7,273.0,2019-01-02 19:25:00+09:00
2019-01-02 19:30:00+09:00,21.94,18.07,18.15,7.25,16.66,274.0,2019-01-02 19:30:00+09:00
2019-01-02 19:35:00+09:00,21.94,18.05,18.13,7.38,16.62,274.0,2019-01-02 19:35:00+09:00
2019-01-02 19:40:00+09:00,21.95,18.03,18.12,7.5,16.57,274.0,2019-01-02 19:40:00+09:00
2019-01-02 19:45:00+09:00,21.95,18.01,18.1,7.62,16.54,274.0,2019-01-02 19:45:00+09:00
2019-01-02 19:50:00+09:00,21.96,18.0,18.09,7.75,16.5,274.0,2019-01-02 19:50:00+09:00
2019-01-02 19:55:00+09:00,21.96,17.98,18.08,7.88,16.47,274.0,2019-01-02 19:55:00+09:00
2019-01-02 20:00:00+09:00,21.97,17.97,18.07,8.0,16.43,273.0,2019-01-02 20:00:00+09:00
2019-01-02 20:05:00+09:00,21.97,17.96,18.06,7.98,16.4,274.0,2019-01-02 20:05:00+09:00
2019-01-02 20:10:00+09:00,21.97,17.95,18.06,7.97,16.37,275.0,2019-01-02 20:10:00+09:00
2019-01-02 20:15:00+09:00,21.97,17.94,18.05,7.95,16.34,276.0,2019-01-02 20:15:00+09:00
2019-01-02 20:20:00+09:00,21.97,17.93,18.04,7.93,16.31,277.0,2019-01-02 20:20:00+09:00
2019-01-02 20:25:00+09:00,21.97,17.92,18.03,7.92,16.28,278.0,2019-01-02 20:25:00+09:00
2019-01-02 20:30:00+09:00,21.97,17.91,18.02,7.9,16.25,279.0,2019-01-02 20:30:00+09:00
2019-01-02 20:35:00+09:00,21.97,17.9,18.02,7.88,16.23,280.0,2019-01-02 20:35:00+09:00
2019-01-02 20:40:00+09:00,21.97,17.89,18.01,7.87,16.2,282.0,2019-01-02 20:40:00+09:00
2019-01-02 20:45:00+09:00,21.97,17.88,18.0,7.85,16.17,283.0,2019-01-02 20:45:00+09:00
2019-01-02 20:50:00+09:00,21.97,17.87,17.99,7.83,16.14,284.0,2019-01-02 20:50:00+09:00
2019-01-02 20:55:00+09:00,21.97,17.86,17.99,7.82,16.11,285.0,2019-01-02 20:55:00+09:00
2019-01-02 21:00:00+09:00,21.97,17.84,17.98,7.8,16.08,287.0,2019-01-02 21:00:00+09:00
2019-01-02 21:05:00+09:00,21.97,17.83,17.97,7.58,16.06,290.0,2019-01-02 21:05:00+09:00
2019-01-02 21:10:00+09:00,21.96,17.82,17.96,7.37,16.03,293.0,2019-01-02 21:10:00+09:00
2019-01-02 21:15:00+09:00,21.96,17.81,17.95,7.15,15.99,296.0,2019-01-02 21:15:00+09:00
2019-01-02 21:20:00+09:00,21.95,17.8,17.94,6.93,15.96,300.0,2019-01-02 21:20:00+09:00
2019-01-02 21:25:00+09:00,21.94,17.78,17.92,6.72,15.92,304.0,2019-01-02 21:25:00+09:00
2019-01-02 21:30:00+09:00,21.94,17.77,17.91,6.5,15.88,308.0,2019-01-02 21:30:00+09:00
2019-01-02 21:35:00+09:00,21.93,17.75,17.89,6.28,15.84,313.0,2019-01-02 21:35:00+09:00
2019-01-02 21:40:00+09:00,21.93,17.73,17.88,6.07,15.8,317.0,2019-01-02 21:40:00+09:00
2019-01-02 21:45:00+09:00,21.92,17.71,17.86,5.85,15.76,322.0,2019-01-02 21:45:00+09:00
2019-01-02 21:50:00+09:00,21.91,17.69,17.84,5.63,15.71,327.0,2019-01-02 21:50:00+09:00
2019-01-02 21:55:00+09:00,21.91,17.66,17.82,5.42,15.67,333.0,2019-01-02 21:55:00+09:00
2019-01-02 22:00:00+09:00,21.9,17.64,17.8,5.2,15.62,339.0,2019-01-02 22:00:00+09:00
2019-01-02 22:05:00+09:00,21.9,17.62,17.77,5.17,15.57,343.0,2019-01-02 22:05:00+09:00
2019-01-02 22:10:00+09:00,21.9,17.59,17.75,5.13,15.52,348.0,2019-01-02 22:10:00+09:00
2019-01-02 22:15:00+09:00,21.9,17.57,17.73,5.1,15.47,352.0,2019-01-02 22:15:00+09:00
2019-01-02 22:20:00+09:00,21.9,17.54,17.7,5.07,15.42,356.0,2019-01-02 22:20:00+09:00
2019-01-02 22:25:00+09:00,21.91,17.52,17.68,5.03,15.38,359.0,2019-01-02 22:25:00+09:00
2019-01-02 22:30:00+09:00,21.91,17.49,17.66,5.0,15.33,363.0,2019-01-02 22:30:00+09:00
2019-01-02 22:35:00+09:00,21.91,17.47,17.63,4.97,15.29,366.0,2019-01-02 22:35:00+09:00
2019-01-02 22:40:00+09:00,21.91,17.44,17.61,4.93,15.24,370.0,2019-01-02 22:40:00+09:00
2019-01-02 22:45:00+09:00,21.92,17.42,17.59,4.9,15.2,373.0,2019-01-02 22:45:00+09:00
2019-01-02 22:50:00+09:00,21.92,17.4,17.57,4.87,15.15,376.0,2019-01-02 22:50:00+09:00
2019-01-02 22:55:00+09:00,21.92,17.37,17.55,4.83,15.11,378.0,2019-01-02 22:55:00+09:00
2019-01-02 23:00:00+09:00,21.93,17.35,17.53,4.8,15.07,381.0,2019-01-02 23:00:00+09:00
2019-01-02 23:05:00+09:00,21.93,17.33,17.51,4.67,15.03,385.0,2019-01-02 23:05:00+09:00
2019-01-02 23:10:00+09:00,21.93,17.31,17.49,4.55,14.98,390.0,2019-01-02 23:10:00+09:00
2019-01-02 23:15:00+09:00,21.93,17.28,17.47,4.42,14.94,394.0,2019-01-02 23:15:00+09:00
2019-01-02 23:20:00+09:00,21.93,17.26,17.45,4.3,14.9,398.0,2019-01-02 23:20:00+09:00
2019-01-02 23:25:00+09:00,21.93,17.24,17.43,4.17,14.86,403.0,2019-01-02 23:25:00+09:00
2019-01-02 23:30:00+09:00,21.93,17.22,17.41,4.05,14.81,408.0,2019-01-02 23:30:00+09:00
2019-01-02 23:35:00+09:00,21.93,17.19,17.38,3.92,14.77,412.0,2019-01-02 23:35:00+09:00
2019-01-02 23:40:00+09:00,21.93,17.17,17.36,3.8,14.72,417.0,2019-01-02 23:40:00+09:00
2019-01-02 23:45:00+09:00,21.92,17.14,17.34,3.67,14.68,422.0,2019-01-02 23:45:00+09:00
2019-01-02 23:50:00+09:00,21.92,17.12,17.32,3.55,14.63,427.0,2019-01-02 23:50:00+09:00
2019-01-02 23:55:00+09:00,21.92,17.1,17.3,3.42,14.58,432.0,2019-01-02 23:55:00+09:00
2019-01-03 00:00:00+09:00,21.92,17.07,17.27,3.3,14.54,438.0,2019-01-03 00:00:00+09:00
